id,first_name,last_name,email,gender
1,Rossie,Kermeen,rkermeen0@etsy.com,Agender
2,Gypsy,MacPadene,gmacpadene1@amazon.de,Female
3,Wyndham,Siaspinski,wsiaspinski2@mozilla.com,Male
4,Kevyn,Stollenwerck,kstollenwerck3@geocities.jp,Female
5,Arlyn,Smidmor,asmidmor4@epa.gov,Female
6,Trista,Hews,thews5@nature.com,Female
7,Inge,Wigzell,iwigzell6@intel.com,Female
8,Pren,Kingshott,pkingshott7@istockphoto.com,Male
9,Dwayne,O' Markey,domarkey8@cbslocal.com,Male
10,Tatiania,Dodsworth,tdodsworth9@sourceforge.net,Female
